Hugo_Symbol	PT_02J5CWN5_7316-2989_Solid Tissue_Initial CNS Tumor	PT_02MVZZSW_7316-1702_Solid Tissue_Initial CNS Tumor	PT_04YTK82N_7316-746_Solid Tissue_Initial CNS Tumor	PT_0CE0HFYB_7316-2581_Solid Tissue_Initial CNS Tumor	PT_0EWY6S6S_7316-3491_Solid Tissue_Initial CNS Tumor	PT_0FGS6YME_7316-8811_Solid Tissue_Initial CNS Tumor	PT_0K0DPVF6_7316-121_Solid Tissue_Initial CNS Tumor	PT_0MHKP408_7316-726_Solid Tissue_Initial CNS Tumor	PT_0RN3VSXZ_7316-3073_Solid Tissue_Initial CNS Tumor	PT_0SPKM4S8_7316-2640_Solid Tissue_Initial CNS Tumor	PT_0T2EWNYR_7316-1981_Solid Tissue_Initial CNS Tumor	PT_124TTG01_7316-1960_Solid Tissue_Initial CNS Tumor	PT_12JTZFC2_7316-3504_Solid Tissue_Initial CNS Tumor	PT_13MKXR8G_7316-2251_Solid Tissue_Initial CNS Tumor	PT_164RNWTT_7316-1078_Solid Tissue_Initial CNS Tumor	PT_16EJ7BZ9_7316-1938_Solid Tissue_Initial CNS Tumor	PT_17NG0KW3_7316-1945_Solid Tissue_Initial CNS Tumor	PT_18QG3Z4H_7316-1052_Solid Tissue_Initial CNS Tumor	PT_1BV6ND1D_7316-3203_Solid Tissue_Initial CNS Tumor	PT_1DRAVX4S_7316-1968_Solid Tissue_Initial CNS Tumor	PT_1EB5KHZX_7316-1076_Solid Tissue_Initial CNS Tumor	PT_1FQFJ0V1_7316-5087_Solid Tissue_Initial CNS Tumor	PT_1J2DT6MM_7316-2184_Solid Tissue_Initial CNS Tumor	PT_1KEER2Q1_7316-460_Solid Tissue_Initial CNS Tumor	PT_1NN9AW39_7316-3148_Solid Tissue_Initial CNS Tumor	PT_1T7WF5S1_7316-2934_Solid Tissue_Initial CNS Tumor	PT_1TB2V1PH_7316-2608_Solid Tissue_Initial CNS Tumor	PT_1TGKS073_7316-1659_Solid Tissue_Initial CNS Tumor	PT_1ZAWNGWT_7316-3345_Solid Tissue_Initial CNS Tumor	PT_203ZY782_7316-2668_Solid Tissue_Initial CNS Tumor	PT_23NZGSRJ_7316-2659_Solid Tissue_Initial CNS Tumor	PT_26V72ZXB_7316-3576_Solid Tissue_Initial CNS Tumor	PT_27FDWCVZ_7316-184_Solid Tissue_Initial CNS Tumor	PT_2A5QN7QS_7316-10004_Solid Tissue_Initial CNS Tumor	PT_2BTC5TEN_7316-2183_Solid Tissue_Initial CNS Tumor	PT_2CJ31SBX_7316-3624_Solid Tissue_Initial CNS Tumor	PT_2E552BAR_7316-2719_Solid Tissue_Initial CNS Tumor	PT_2FVTD0WR_7316-2897_Solid Tissue_Initial CNS Tumor	PT_2QZJ4T95_7316-715_Solid Tissue_Initial CNS Tumor	PT_2SCVQ2N6_7316-3631_Solid Tissue_Initial CNS Tumor	PT_2Z7GVDTM_7316-3515_Solid Tissue_Initial CNS Tumor	PT_2ZTXV44P_7316-310_Solid Tissue_Initial CNS Tumor	PT_2ZXR2PDN_7316-1636_Solid Tissue_Initial CNS Tumor	PT_32J909WM_7316-2688_Solid Tissue_Initial CNS Tumor	PT_37B5JRP1_7316-2217_Solid Tissue_Initial CNS Tumor	PT_3873YK5S_7316-2862_Solid Tissue_Initial CNS Tumor	PT_387VK1T9_7316-3625_Solid Tissue_Initial CNS Tumor	PT_38B4CHBF_7316-9849_Solid Tissue_Initial CNS Tumor	PT_39HBKSGG_7316-908_Solid Tissue_Initial CNS Tumor	PT_3A0B29QT_7316-80_Solid Tissue_Initial CNS Tumor	PT_3A87PCQK_7316-480_Solid Tissue_Initial CNS Tumor	PT_3AWKWXEV_7316-85_Solid Tissue_Initial CNS Tumor	PT_3CHB9PK5_7316-515_Solid Tissue_Initial CNS Tumor	PT_3CVMBGD7_7316-1963_Solid Tissue_Initial CNS Tumor	PT_3HRS5CWF_7316-925_Solid Tissue_Initial CNS Tumor	PT_3J0ASVHN_7316-3622_Solid Tissue_Initial CNS Tumor	PT_3KK1F95W_7316-1744_Solid Tissue_Initial CNS Tumor	PT_3KWSRWZN_7316-2648_Solid Tissue_Initial CNS Tumor	PT_3NM45TQ8_7316-1077_Solid Tissue_Initial CNS Tumor	PT_3NQ55S57_7316UP-2413_Solid Tissue_Primary Tumor	PT_3PSG2DQT_7316-1111_Solid Tissue_Initial CNS Tumor	PT_3RN24N9X_7316-20_Solid Tissue_Initial CNS Tumor	PT_3T3VGWC6_7316-375_Solid Tissue_Initial CNS Tumor	PT_3V5GTCJR_7316-1646_Solid Tissue_Initial CNS Tumor	PT_3VCS1PPF_7316-198_Solid Tissue_Initial CNS Tumor	PT_3VQEVNDD_7316-1680_Solid Tissue_Initial CNS Tumor	PT_3WA7SBQ6_7316-2248_Solid Tissue_Initial CNS Tumor	PT_409Y4N1N_7316-84_Solid Tissue_Initial CNS Tumor	PT_4159VCJY_7316-389_Solid Tissue_Initial CNS Tumor	PT_41BCPB7R_7316-406_Solid Tissue_Initial CNS Tumor	PT_41QYPSGV_7316-884_Solid Tissue_Initial CNS Tumor	PT_41WETNRC_7316-3065_Solid Tissue_Initial CNS Tumor	PT_44HPG5YT_7316-3067_Solid Tissue_Initial CNS Tumor	PT_45P9F9MD_7316-314_Solid Tissue_Initial CNS Tumor	PT_45YH276T_7316-499_Solid Tissue_Initial CNS Tumor	PT_48N4Y6YP_7316-1866_Solid Tissue_Initial CNS Tumor	PT_4ADZ9F53_7316-3060_Solid Tissue_Initial CNS Tumor	PT_4EDBZRM2_7316-1952_Solid Tissue_Initial CNS Tumor	PT_4J24F353_7316-1137_Solid Tissue_Initial CNS Tumor	PT_4JG5KWE8_7316-50_Solid Tissue_Initial CNS Tumor	PT_4TASAQKA_7316-3566_Solid Tissue_Initial CNS Tumor	PT_4XVA57J7_7316-1760_Solid Tissue_Initial CNS Tumor	PT_4Z34K4XB_7316-733_Solid Tissue_Initial CNS Tumor	PT_50ZFWMZE_7316-1942_Solid Tissue_Initial CNS Tumor	PT_59D00MBQ_7316-1936_Solid Tissue_Initial CNS Tumor	PT_59FJRPVX_7316-3769_Solid Tissue_Initial CNS Tumor	PT_5ABCFCSK_7316-1851_Solid Tissue_Initial CNS Tumor	PT_5BWZA0NT_7316-1102_Solid Tissue_Initial CNS Tumor	PT_5CKDR2SF_7316-525_Solid Tissue_Initial CNS Tumor	PT_5CNZ47XV_7316-1926_Solid Tissue_Initial CNS Tumor	PT_5D3AVPCW_7316-187_Solid Tissue_Initial CNS Tumor	PT_5D439P2D_7316-9945_Solid Tissue_Initial CNS Tumor	PT_5F4N0CAP_7316-219_Solid Tissue_Initial CNS Tumor	PT_5FR2YA6E_7316-109_Solid Tissue_Initial CNS Tumor	PT_5GQ76YZJ_7316-168_Solid Tissue_Initial CNS Tumor	PT_5K5CZXYB_7316-8035_Solid Tissue_Initial CNS Tumor	PT_5KP2E0DS_7316-3936_Solid Tissue_Initial CNS Tumor	PT_5M8A47WW_7316-436_Solid Tissue_Initial CNS Tumor	PT_5P3XJ97K_7316-390_Solid Tissue_Initial CNS Tumor	PT_5R8EWT55_7316-8030_Solid Tissue_Initial CNS Tumor	PT_5SKQHRC5_7316-9013_Solid Tissue_Initial CNS Tumor	PT_5VAKED5F_7316-2689_Solid Tissue_Initial CNS Tumor	PT_5X061J42_7316-2149_Solid Tissue_Initial CNS Tumor	PT_625X34JX_7316-2170_Solid Tissue_Initial CNS Tumor	PT_62VNQ8C4_7316-968_Solid Tissue_Initial CNS Tumor	PT_63HDZHCN_7316-2980_Solid Tissue_Initial CNS Tumor	PT_69C7CBFW_7316-1959_Solid Tissue_Initial CNS Tumor	PT_6DW5NFKX_7316-3150_Solid Tissue_Initial CNS Tumor	PT_6E8JYRXM_7316-2729_Solid Tissue_Initial CNS Tumor	PT_6GDPNFA6_7316-2610_Solid Tissue_Initial CNS Tumor	PT_6H8X6RZ1_7316-9014_Solid Tissue_Initial CNS Tumor	PT_6MB6RED3_7316-226_Solid Tissue_Initial CNS Tumor	PT_6MWPJ96F_7316-1928_Solid Tissue_Initial CNS Tumor	PT_6N1QWCXE_7316-3169_Solid Tissue_Initial CNS Tumor	PT_6PJ126FF_7316-8815_Solid Tissue_Initial CNS Tumor	PT_6Q0NPVP3_7316-2255_Solid Tissue_Initial CNS Tumor	PT_6R95FQT2_7316-459_Solid Tissue_Initial CNS Tumor	PT_6RZ363TJ_7316UP-2035_Solid Tissue_Primary Tumor	PT_6TKJRSPW_7316-162_Solid Tissue_Initial CNS Tumor	PT_6VD8J6FB_7316-8032_Solid Tissue_Initial CNS Tumor	PT_6VJ5PNKS_7316-2174_Solid Tissue_Initial CNS Tumor	PT_78NQ0QQS_7316-1651_Solid Tissue_Initial CNS Tumor	PT_7BJBEBZT_7316-1670_Solid Tissue_Initial CNS Tumor	PT_7DTGJYA7_7316-639_Solid Tissue_Initial CNS Tumor	PT_7E3V3JFX_7316-506_Solid Tissue_Initial CNS Tumor	PT_7F3ZPZB7_7316-2662_Solid Tissue_Initial CNS Tumor	PT_7FAJ9STP_16510-16_Solid Tissue_Initial CNS Tumor	PT_7FZ8SE69_7316-2152_Solid Tissue_Initial CNS Tumor	PT_7MZRW1DH_7316-2582_Solid Tissue_Initial CNS Tumor	PT_7QKGGMKV_7316-347_Solid Tissue_Initial CNS Tumor	PT_7TEHW6VQ_7316-2755_Solid Tissue_Initial CNS Tumor	PT_7VPSS2SN_7316-3621_Solid Tissue_Initial CNS Tumor	PT_7VSY72EK_7316-1855_Solid Tissue_Initial CNS Tumor	PT_7WT6P5M8_7316-2308_Solid Tissue_Initial CNS Tumor	PT_7Y81E8DQ_7316UP-2013_Solid Tissue_Primary Tumor	PT_7YGZ526E_7316-1978_Solid Tissue_Initial CNS Tumor	PT_7YM9EBCK_16510-3_Solid Tissue_Initial CNS Tumor	PT_80NVYCBS_7316-765_Solid Tissue_Initial CNS Tumor	PT_82MX6J77_7316-302_Solid Tissue_Initial CNS Tumor	PT_85RSG67R_7316-2986_Solid Tissue_Initial CNS Tumor	PT_88F5PD21_7316-6188_Solid Tissue_Initial CNS Tumor	PT_8CZ6ANE0_7316-1970_Solid Tissue_Initial CNS Tumor	PT_8ECE2D92_7316-914_Solid Tissue_Initial CNS Tumor	PT_8GW4J4TD_7316-3630_Solid Tissue_Initial CNS Tumor	PT_8HZN8J7C_7316-8034_Solid Tissue_Initial CNS Tumor	PT_8KSGR8MY_16510-6_Solid Tissue_Initial CNS Tumor	PT_8P368R5B_7316-4998_Solid Tissue_Initial CNS Tumor	PT_8R00BMHH_7316-1845_Solid Tissue_Initial CNS Tumor	PT_8RB3EKNP_7316-4028_Solid Tissue_Initial CNS Tumor	PT_8RB7TPS2_7316-3_Solid Tissue_Initial CNS Tumor	PT_8V3360DR_7316-641_Solid Tissue_Initial CNS Tumor	PT_8XZY6MM1_7316-957_Solid Tissue_Initial CNS Tumor	PT_8YS7JD5V_7316UP-2398_Solid Tissue_Primary Tumor	PT_90W4HCNR_7316-2672_Solid Tissue_Initial CNS Tumor	PT_91PDAFH0_7316-5267_Solid Tissue_Initial CNS Tumor	PT_92YX7KK9_7316-1785_Solid Tissue_Initial CNS Tumor	PT_962TCBVR_7316-391_Solid Tissue_Initial CNS Tumor	PT_9A6RPJ97_7316-906_Solid Tissue_Initial CNS Tumor	PT_9B6KWJT2_7316-1226_Solid Tissue_Initial CNS Tumor	PT_9BZETM0M_7316-158_Solid Tissue_Initial CNS Tumor	PT_9C2G356W_7316-3555_Solid Tissue_Initial CNS Tumor	PT_9DMMZ08D_7316-1666_Solid Tissue_Initial CNS Tumor	PT_9M4CQX3M_7316-1972_Solid Tissue_Initial CNS Tumor	PT_9N0SR1D7_7316-249_Solid Tissue_Initial CNS Tumor	PT_9PDE9KSB_7316-4723_Solid Tissue_Initial CNS Tumor	PT_9YMRNZHH_7316-2178_Solid Tissue_Initial CNS Tumor	PT_A325EYR2_7316-2557_Solid Tissue_Initial CNS Tumor	PT_A9F8Y6MA_7316-476_Solid Tissue_Initial CNS Tumor	PT_AC5SD9AC_7316-2291_Solid Tissue_Initial CNS Tumor	PT_ADTP7EHN_7316-1664_Solid Tissue_Initial CNS Tumor	PT_ATE3YRH5_7316-3308_Solid Tissue_Initial CNS Tumor	PT_AWBPNFM5_7316-1854_Solid Tissue_Initial CNS Tumor	PT_AXVH36AM_7316-2180_Solid Tissue_Initial CNS Tumor	PT_AYVKQZRB_7316-612_Solid Tissue_Initial CNS Tumor	PT_AZQ230WT_7316-443_Solid Tissue_Initial CNS Tumor	PT_B54PH840_7316-2707_Solid Tissue_Initial CNS Tumor	PT_B5K3A4F4_7316-1214_Solid Tissue_Initial CNS Tumor	PT_BBHAD51D_7316-1089_Solid Tissue_Initial CNS Tumor	PT_BCN28SW9_7316-3574_Solid Tissue_Initial CNS Tumor	PT_BDNE55YT_7316-1710_Solid Tissue_Initial CNS Tumor	PT_BF3PGTF7_7316-1808_Solid Tissue_Initial CNS Tumor	PT_BG7GAFK6_7316-3626_Solid Tissue_Initial CNS Tumor	PT_BK92NM09_7316-2669_Solid Tissue_Initial CNS Tumor	PT_BPKVVWVB_7316-2250_Solid Tissue_Initial CNS Tumor	PT_BTTM2HS5_7316-2287_Solid Tissue_Initial CNS Tumor	PT_BWGZBVD1_7316-1678_Solid Tissue_Initial CNS Tumor	PT_BWN251DF_7316-659_Solid Tissue_Initial CNS Tumor	PT_BYJ428GA_7316-290_Solid Tissue_Initial CNS Tumor	PT_C1M4YF1R_7316-127_Solid Tissue_Initial CNS Tumor	PT_C2D4JXS1_7316-1746_Solid Tissue_Initial CNS Tumor	PT_C2VY5NM6_7316-875_Solid Tissue_Initial CNS Tumor	PT_C7HHJG7Z_7316-4516_Solid Tissue_Initial CNS Tumor	PT_C95KPXSW_7316-869_Solid Tissue_Initial CNS Tumor	PT_CB1DN0V8_7316-2241_Solid Tissue_Initial CNS Tumor	PT_CB1XPA3W_7316-1767_Solid Tissue_Initial CNS Tumor	PT_CB9PD1YP_7316-97_Solid Tissue_Initial CNS Tumor	PT_CGPJY881_7316-891_Solid Tissue_Initial CNS Tumor	PT_CK41DW03_7316-329_Solid Tissue_Initial CNS Tumor	PT_CM32ZCX6_7316-2215_Solid Tissue_Initial CNS Tumor	PT_CQS4V67V_7316-9212_Solid Tissue_Initial CNS Tumor	PT_CR2YBSPT_7316-359_Solid Tissue_Initial CNS Tumor	PT_CSZ9QA1N_7316-1464_Solid Tissue_Initial CNS Tumor	PT_CTSQ5FHH_7316-438_Solid Tissue_Initial CNS Tumor	PT_CW0BJE0Y_7316-41_Solid Tissue_Initial CNS Tumor	PT_CWD717Q0_7316-101_Solid Tissue_Initial CNS Tumor	PT_CYBYN18G_7316-2567_Solid Tissue_Initial CNS Tumor	PT_CYVVA9AB_7316-3299_Solid Tissue_Initial CNS Tumor	PT_D1WJ3BJX_7316-358_Solid Tissue_Initial CNS Tumor	PT_D215EQAP_7316-747_Solid Tissue_Initial CNS Tumor	PT_D3AN5M5W_7316-47_Solid Tissue_Initial CNS Tumor	PT_D5KKHPAE_7316-4337_Solid Tissue_Initial CNS Tumor	PT_D835NGZW_16510-5_Solid Tissue_Initial CNS Tumor	PT_D9A6G154_7316-9211_Solid Tissue_Initial CNS Tumor	PT_D9NTSYSC_7316-3064_Solid Tissue_Initial CNS Tumor	PT_DACV00WF_7316-489_Solid Tissue_Initial CNS Tumor	PT_DB281Z4K_7316UP-310_Solid Tissue_Primary Tumor	PT_DB800CE1_7316-261_Solid Tissue_Initial CNS Tumor	PT_DDFAZ345_7316-321_Solid Tissue_Initial CNS Tumor	PT_DEYCW197_7316-175_Solid Tissue_Initial CNS Tumor	PT_DFCZAG9T_7316-224_Solid Tissue_Initial CNS Tumor	PT_DJ106XYS_7316-3935_Solid Tissue_Initial CNS Tumor	PT_DMHFS0HX_7316-3055_Solid Tissue_Initial CNS Tumor	PT_DMMKT7X1_7316-1635_Solid Tissue_Initial CNS Tumor	PT_DW6V5V8E_7316-924_Solid Tissue_Initial CNS Tumor	PT_DXET8FM2_16510-2_Solid Tissue_Initial CNS Tumor	PT_E1TRJP8V_7316-134_Solid Tissue_Initial CNS Tumor	PT_E3ADF4ZB_7316-2664_Solid Tissue_Initial CNS Tumor	PT_E4ECAFEN_7316-38_Solid Tissue_Initial CNS Tumor	PT_E4TXAYR6_7316-9077_Solid Tissue_Initial CNS Tumor	PT_E78NHRWQ_7316-1081_Solid Tissue_Initial CNS Tumor	PT_E79807KT_7316-1087_Solid Tissue_Initial CNS Tumor	PT_E8XM8JFZ_7316-324_Solid Tissue_Initial CNS Tumor	PT_E9PS2A96_7316-9011_Solid Tissue_Initial CNS Tumor	PT_EEKE0V9T_7316-32_Solid Tissue_Initial CNS Tumor	PT_EF398HVC_7316-1975_Solid Tissue_Initial CNS Tumor	PT_EGGY1XC0_7316-2865_Solid Tissue_Initial CNS Tumor	PT_EPFX7V9H_7316-2571_Solid Tissue_Initial CNS Tumor	PT_EQ5C5TEA_7316-3922_Solid Tissue_Initial CNS Tumor	PT_ERTJRQ37_7316-9854_Solid Tissue_Initial CNS Tumor	PT_ESHACWF6_7316-878_Solid Tissue_Initial CNS Tumor	PT_EW604JB3_7316-1134_Solid Tissue_Initial CNS Tumor	PT_EXYXBDGP_7316-3140_Solid Tissue_Initial CNS Tumor	PT_EYHJQQ8E_7316-77_Solid Tissue_Initial CNS Tumor	PT_EYWDFKA7_7316-29_Solid Tissue_Initial CNS Tumor	PT_EZEMVRVT_7316-3154_Solid Tissue_Initial CNS Tumor	PT_EZS4SRH6_7316-676_Solid Tissue_Initial CNS Tumor	PT_F0N89D15_7316-3756_Solid Tissue_Initial CNS Tumor	PT_F3S9PB94_7316-2240_Solid Tissue_Initial CNS Tumor	PT_FAD8FQ6S_7316-120_Solid Tissue_Initial CNS Tumor	PT_FAPEH6R1_7316-1660_Solid Tissue_Initial CNS Tumor	PT_FAQWD7GX_7316-2311_Solid Tissue_Initial CNS Tumor	PT_FAZEJ3VR_7316UP-2238_Solid Tissue_Primary Tumor	PT_FC0EF5ZT_7316-3572_Solid Tissue_Initial CNS Tumor	PT_FCYM09DV_16510-1_Solid Tissue_Initial CNS Tumor	PT_FFRHWB74_7316-932_Solid Tissue_Initial CNS Tumor	PT_FFSCZ7CA_7316UP-2877_Solid Tissue_Primary Tumor	PT_FKCPVY7V_7316-8031_Solid Tissue_Initial CNS Tumor	PT_FKWCVXNC_7316-332_Solid Tissue_Initial CNS Tumor	PT_FN4GEEFR_7316-729_Solid Tissue_Initial CNS Tumor	PT_FWD7NZQ0_7316-1108_Solid Tissue_Initial CNS Tumor	PT_FXPJM0MW_7316-207_Solid Tissue_Initial CNS Tumor	PT_FYPWZBH0_7316-1085_Solid Tissue_Initial CNS Tumor	PT_G395P98S_7316-8826_Solid Tissue_Initial CNS Tumor	PT_G9A050X1_7316-8028_Solid Tissue_Initial CNS Tumor	PT_GAM3E6M3_7316-872_Solid Tissue_Initial CNS Tumor	PT_GB8MNK85_7316-1086_Solid Tissue_Initial CNS Tumor	PT_GBCZ0RW3_7316-9642_Solid Tissue_Initial CNS Tumor	PT_GCKT4FJX_7316-3919_Solid Tissue_Initial CNS Tumor	PT_GDDWPDMC_7316-2575_Solid Tissue_Initial CNS Tumor	PT_GGCQAGPS_7316-304_Solid Tissue_Initial CNS Tumor	PT_GHHY5AAE_7316-741_Solid Tissue_Initial CNS Tumor	PT_GQZ84ACS_7316-487_Solid Tissue_Initial CNS Tumor	PT_GR8P8NY5_7316-178_Solid Tissue_Initial CNS Tumor	PT_GYJ97915_7316-1093_Solid Tissue_Initial CNS Tumor	PT_H0HWHRPB_7316-1679_Solid Tissue_Initial CNS Tumor	PT_H45M7M2T_7316-1652_Solid Tissue_Initial CNS Tumor	PT_H57TEQDT_7316-2324_Solid Tissue_Initial CNS Tumor	PT_H6E09982_7316-5_Solid Tissue_Initial CNS Tumor	PT_HA0E85NR_7316-10221_Solid Tissue_Initial CNS Tumor	PT_HEGTYPQJ_7316-2562_Solid Tissue_Initial CNS Tumor	PT_HGHV85PZ_7316-2300_Solid Tissue_Initial CNS Tumor	PT_HJA1ZYS1_7316-2939_Solid Tissue_Initial CNS Tumor	PT_HJMP6PH2_7316-185_Solid Tissue_Initial CNS Tumor	PT_HMF8J4EG_7316-644_Solid Tissue_Initial CNS Tumor	PT_HMY997GX_7316-3554_Solid Tissue_Initial CNS Tumor	PT_HV1DFFQ1_7316-9139_Solid Tissue_Initial CNS Tumor	PT_HV6C0T34_7316-3062_Solid Tissue_Initial CNS Tumor	PT_HYXSSCJ5_7316-1088_Solid Tissue_Initial CNS Tumor	PT_J06X17XH_7316-1649_Solid Tissue_Initial CNS Tumor	PT_J0SZ1SX5_7316-2589_Solid Tissue_Initial CNS Tumor	PT_J5NSRW1Y_7316-3817_Solid Tissue_Initial CNS Tumor	PT_JEA0AEMZ_7316-2169_Solid Tissue_Initial CNS Tumor	PT_JJZ5PN64_7316-8964_Solid Tissue_Initial CNS Tumor	PT_JMW6Q6NH_7316-1648_Solid Tissue_Initial CNS Tumor	PT_JN3EN2HR_7316-2267_Solid Tissue_Initial CNS Tumor	PT_JNEV57VK_7316-2594_Solid Tissue_Initial CNS Tumor	PT_JPWVCTAJ_7316-1953_Solid Tissue_Initial CNS Tumor	PT_JQ45JK94_7316-222_Solid Tissue_Initial CNS Tumor	PT_JWW33RTB_7316-1793_Solid Tissue_Initial CNS Tumor	PT_JXGMAHHN_7316-874_Solid Tissue_Initial CNS Tumor	PT_JYZA0PNV_7316-437_Solid Tissue_Initial CNS Tumor	PT_K30AWQ8A_7316-393_Solid Tissue_Initial CNS Tumor	PT_K39HM2JF_7316-1084_Solid Tissue_Initial CNS Tumor	PT_K63972GG_7316-666_Solid Tissue_Initial CNS Tumor	PT_K6G6BE6G_7316-1113_Solid Tissue_Initial CNS Tumor	PT_K8ZV7APT_7316-10_Solid Tissue_Initial CNS Tumor	PT_K94ZVZMX_7316-521_Solid Tissue_Initial CNS Tumor	PT_KBA2VNA2_7316-2249_Solid Tissue_Initial CNS Tumor	PT_KCDPF85V_7316UP-2066_Solid Tissue_Primary Tumor	PT_KEQ53KRH_7316-440_Solid Tissue_Initial CNS Tumor	PT_KFYJBQB8_7316-3075_Solid Tissue_Initial CNS Tumor	PT_KHX1WQ4H_7316-186_Solid Tissue_Initial CNS Tumor	PT_KMHGNCNR_7316-350_Solid Tissue_Initial CNS Tumor	PT_KN25EYMG_7316-2309_Solid Tissue_Initial CNS Tumor	PT_KQK98ZVP_7316-1803_Solid Tissue_Initial CNS Tumor	PT_KVMF5TFW_7316-3030_Solid Tissue_Initial CNS Tumor	PT_KX1QQQRC_7316-8939_Solid Tissue_Initial CNS Tumor	PT_KX84KH6K_7316-2703_Solid Tissue_Initial CNS Tumor	PT_KXB1PJV0_7316-206_Solid Tissue_Initial CNS Tumor	PT_M04EC74B_7316-918_Solid Tissue_Initial CNS Tumor	PT_M0AP3Z15_7316-14_Solid Tissue_Initial CNS Tumor	PT_M1BBF6RA_7316-9799_Solid Tissue_Initial CNS Tumor	PT_M2J30CF7_7316-1747_Solid Tissue_Initial CNS Tumor	PT_M5HDHQNQ_7316-475_Solid Tissue_Initial CNS Tumor	PT_M8MDJNZB_7316-8965_Solid Tissue_Initial CNS Tumor	PT_MNR94DEV_7316-370_Solid Tissue_Initial CNS Tumor	PT_MP85FHCR_7316-9850_Solid Tissue_Initial CNS Tumor	PT_MPRBGGEJ_7316-2172_Solid Tissue_Initial CNS Tumor	PT_MSBPMJ56_7316-306_Solid Tissue_Initial CNS Tumor	PT_MSQ6GSVP_7316-2274_Solid Tissue_Initial CNS Tumor	PT_MT27S7S4_7316-1969_Solid Tissue_Initial CNS Tumor	PT_MV5WXTQV_7316-8036_Solid Tissue_Initial CNS Tumor	PT_N3205P0D_7316-1099_Solid Tissue_Initial CNS Tumor	PT_N3HVMV06_7316-2075_Solid Tissue_Initial CNS Tumor	PT_N8W26H19_7316-267_Solid Tissue_Initial CNS Tumor	PT_N9CGVG02_7316-2197_Solid Tissue_Initial CNS Tumor	PT_N9SG16EC_7316-1958_Solid Tissue_Initial CNS Tumor	PT_NA8NZ0BN_7316-2135_Solid Tissue_Initial CNS Tumor	PT_NBSRQAMS_7316-1079_Solid Tissue_Initial CNS Tumor	PT_NCDHZ8H8_7316-2780_Solid Tissue_Initial CNS Tumor	PT_ND34A6PR_7316-122_Solid Tissue_Initial CNS Tumor	PT_NDVJE438_7316-2811_Solid Tissue_Initial CNS Tumor	PT_NPETR8RY_7316-160_Solid Tissue_Initial CNS Tumor	PT_NPHZQW6A_7316-1985_Solid Tissue_Initial CNS Tumor	PT_NPPBNRVV_7316-1943_Solid Tissue_Initial CNS Tumor	PT_NS1F6DT8_7316-3048_Solid Tissue_Initial CNS Tumor	PT_NV584F7Q_7316-3192_Solid Tissue_Initial CNS Tumor	PT_NZFFMZ0B_7316-923_Solid Tissue_Initial CNS Tumor	PT_P2NGYMG5_7316-1956_Solid Tissue_Initial CNS Tumor	PT_P4ZEFY19_7316-937_Solid Tissue_Initial CNS Tumor	PT_P75ZXB1S_7316-692_Solid Tissue_Initial CNS Tumor	PT_PABK01H0_7316-1669_Solid Tissue_Initial CNS Tumor	PT_PEHEAEVT_7316-4552_Solid Tissue_Initial CNS Tumor	PT_PF9EC93Q_7316-3765_Solid Tissue_Initial CNS Tumor	PT_PFA762TK_7316-368_Solid Tissue_Initial CNS Tumor	PT_PFP1ZVHD_7316-2310_Solid Tissue_Initial CNS Tumor	PT_PNED3GG3_7316-387_Solid Tissue_Initial CNS Tumor	PT_PR4YBBH3_7316-116_Solid Tissue_Initial CNS Tumor	PT_Q25V9Y6M_7316-1668_Solid Tissue_Initial CNS Tumor	PT_QBEA1CGX_7316-10711_Solid Tissue_Initial CNS Tumor	PT_QD6KKKJH_7316-1765_Solid Tissue_Initial CNS Tumor	PT_QH9H491G_7316-1461_Solid Tissue_Initial CNS Tumor	PT_QJDY4Y9P_7316-562_Solid Tissue_Initial CNS Tumor	PT_QQZXYR4M_7316-1946_Solid Tissue_Initial CNS Tumor	PT_QS59ATXW_16510-14_Solid Tissue_Initial CNS Tumor	PT_QT9T89S5_7316-297_Solid Tissue_Initial CNS Tumor	PT_QTDY0Y9A_7316-3771_Solid Tissue_Initial CNS Tumor	PT_QW5VW2PY_7316-313_Solid Tissue_Initial CNS Tumor	PT_QYEF3JAT_7316-1460_Solid Tissue_Initial CNS Tumor	PT_QZN7FZER_7316-2757_Solid Tissue_Initial CNS Tumor	PT_R0M1QBY4_7316-905_Solid Tissue_Initial CNS Tumor	PT_R0R6VWX9_7316-9343_Solid Tissue_Initial CNS Tumor	PT_R5T773FS_7316-8029_Solid Tissue_Initial CNS Tumor	PT_R63RHJWX_7316-739_Solid Tissue_Initial CNS Tumor	PT_R6WWH1QX_7316-423_Solid Tissue_Initial CNS Tumor	PT_R9V5R1SY_7316-1940_Solid Tissue_Initial CNS Tumor	PT_RFB07MZS_7316-2107_Solid Tissue_Initial CNS Tumor	PT_RFF7MKTC_7316-954_Solid Tissue_Initial CNS Tumor	PT_RFGZ2JGP_7316-135_Solid Tissue_Initial CNS Tumor	PT_RJ98S3KZ_7316-556_Solid Tissue_Initial CNS Tumor	PT_RKECV80K_7316-9_Solid Tissue_Initial CNS Tumor	PT_RM5S859Q_7316-111_Solid Tissue_Initial CNS Tumor	PT_RMK36R2E_7316-2275_Solid Tissue_Initial CNS Tumor	PT_RQ21EBK9_7316-367_Solid Tissue_Initial CNS Tumor	PT_RRG1V7EP_7316-820_Solid Tissue_Initial CNS Tumor	PT_RRT2E7HK_7316-136_Solid Tissue_Initial CNS Tumor	PT_RV0RDER2_7316-262_Solid Tissue_Initial CNS Tumor	PT_RYMG3M91_A18777_Solid Tissue_Initial CNS Tumor	PT_S0PBN4M7_7316-1805_Solid Tissue_Initial CNS Tumor	PT_S0Q27J13_7316-2307_Solid Tissue_Initial CNS Tumor	PT_S21ZTKPS_7316-362_Solid Tissue_Initial CNS Tumor	PT_S2CXXZCF_7316-643_Solid Tissue_Initial CNS Tumor	PT_S4A0R1PM_7316-2699_Solid Tissue_Initial CNS Tumor	PT_S4H6KA09_7316-2134_Solid Tissue_Initial CNS Tumor	PT_S4YNE17X_7316-2899_Solid Tissue_Initial CNS Tumor	PT_S7JCQ3TH_7316-8828_Solid Tissue_Initial CNS Tumor	PT_S7WJ99PC_7316-677_Solid Tissue_Initial CNS Tumor	PT_S8E3281G_7316-2138_Solid Tissue_Initial CNS Tumor	PT_SA94083W_7316-1856_Solid Tissue_Initial CNS Tumor	PT_SBHN5F68_7316-516_Solid Tissue_Initial CNS Tumor	PT_SDK91A16_7316-247_Solid Tissue_Initial CNS Tumor	PT_SGJK5KSB_7316-9140_Solid Tissue_Initial CNS Tumor	PT_SJEG0MKD_7316-146_Solid Tissue_Initial CNS Tumor	PT_SMDEQVHJ_7316-119_Solid Tissue_Initial CNS Tumor	PT_SRWZDG3N_7316-361_Solid Tissue_Initial CNS Tumor	PT_SSE4AH59_7316-1776_Solid Tissue_Initial CNS Tumor	PT_STRDJQ01_7316-1038_Solid Tissue_Initial CNS Tumor	PT_T03AT4BJ_7316-2708_Solid Tissue_Initial CNS Tumor	PT_T1FV709B_7316-681_Solid Tissue_Initial CNS Tumor	PT_T3REPTTC_7316-3488_Solid Tissue_Initial CNS Tumor	PT_T4VKB29K_7316-2125_Solid Tissue_Initial CNS Tumor	PT_T8V9ES93_7316-1106_Solid Tissue_Initial CNS Tumor	PT_T9F17G9F_7316-8814_Solid Tissue_Initial CNS Tumor	PT_TB8HPJBN_7316-2663_Solid Tissue_Initial CNS Tumor	PT_TD6ST5MG_7316-235_Solid Tissue_Initial CNS Tumor	PT_TEBD1SES_7316-3054_Solid Tissue_Initial CNS Tumor	PT_TH18S0JQ_7316-3068_Solid Tissue_Initial CNS Tumor	PT_TKWTTRQ7_7316-2971_Solid Tissue_Initial CNS Tumor	PT_TNJPSPW3_7316-10002_Solid Tissue_Initial CNS Tumor	PT_TPDB1WC8_7316-2777_Solid Tissue_Initial CNS Tumor	PT_TPSMT960_7316-400_Solid Tissue_Initial CNS Tumor	PT_TS0FW57Z_7316-2167_Solid Tissue_Initial CNS Tumor	PT_TVJ5EGMR_7316-8033_Solid Tissue_Initial CNS Tumor	PT_TVK2KY36_7316-2626_Solid Tissue_Initial CNS Tumor	PT_TWAHK62W_7316-9055_Solid Tissue_Initial CNS Tumor	PT_TXFYRDP4_7316-193_Solid Tissue_Initial CNS Tumor	PT_V07ZH5JS_7316-472_Solid Tissue_Initial CNS Tumor	PT_V0X73HEQ_7316-2182_Solid Tissue_Initial CNS Tumor	PT_V2F0865M_7316-642_Solid Tissue_Initial CNS Tumor	PT_V482NWB8_7316-8037_Solid Tissue_Initial CNS Tumor	PT_V8714N9H_7316-2322_Solid Tissue_Initial CNS Tumor	PT_VABP80N2_7316-1949_Solid Tissue_Initial CNS Tumor	PT_VBVZ2NAR_7316-2156_Solid Tissue_Initial CNS Tumor	PT_VCD0W8HG_7316-2756_Solid Tissue_Initial CNS Tumor	PT_VE0Q731Y_7316-1641_Solid Tissue_Initial CNS Tumor	PT_VGXHFMND_7316-1643_Solid Tissue_Initial CNS Tumor	PT_VH6S71AC_7316-735_Solid Tissue_Initial CNS Tumor	PT_VHS5RM2K_7316-364_Solid Tissue_Initial CNS Tumor	PT_VJ0M4E8Y_7316-2099_Solid Tissue_Initial CNS Tumor	PT_VJZN69T9_7316-3510_Solid Tissue_Initial CNS Tumor	PT_VQDNSYXM_7316-1637_Solid Tissue_Initial CNS Tumor	PT_VVCN8DXT_7316-71_Solid Tissue_Initial CNS Tumor	PT_VWZZTK38_7316-1844_Solid Tissue_Initial CNS Tumor	PT_VY45XTT7_7316-1801_Solid Tissue_Initial CNS Tumor	PT_VZTTTP3Q_7316-167_Solid Tissue_Initial CNS Tumor	PT_W6AWJJK7_7316-230_Solid Tissue_Initial CNS Tumor	PT_WKNKNYHH_7316-1107_Solid Tissue_Initial CNS Tumor	PT_WMWFCG6J_7316-8038_Solid Tissue_Initial CNS Tumor	PT_WVAJN6WR_7316-456_Solid Tissue_Initial CNS Tumor	PT_WVC247PK_7316-1090_Solid Tissue_Initial CNS Tumor	PT_WWME595X_7316-245_Solid Tissue_Initial CNS Tumor	PT_WWZ2Q14R_7316-3138_Solid Tissue_Initial CNS Tumor	PT_WY8REZ3P_7316-1783_Solid Tissue_Initial CNS Tumor	PT_WYF217NZ_7316-345_Solid Tissue_Initial CNS Tumor	PT_X1PRY0FC_7316-1779_Solid Tissue_Initial CNS Tumor	PT_X5SGG610_7316UP-1104_Solid Tissue_Primary Tumor	PT_XA98HG1C_7316-931_Solid Tissue_Initial CNS Tumor	PT_XHYBZKCX_7316-2972_Solid Tissue_Initial CNS Tumor	PT_XMYN334C_7316UP-3705_Solid Tissue_Primary Tumor	PT_XSS1ANXD_7316-495_Solid Tissue_Initial CNS Tumor	PT_XXZHRPNM_7316-2572_Solid Tissue_Initial CNS Tumor	PT_XY404K0D_7316-1782_Solid Tissue_Initial CNS Tumor	PT_Y5KY6KN9_7316-195_Solid Tissue_Initial CNS Tumor	PT_Y660CKCB_7316-3122_Solid Tissue_Initial CNS Tumor	PT_Y8HSH496_7316-196_Solid Tissue_Initial CNS Tumor	PT_Y97DX151_7316-291_Solid Tissue_Initial CNS Tumor	PT_YFS3AWC0_7316-153_Solid Tissue_Initial CNS Tumor	PT_YGN06RPZ_7316-2204_Solid Tissue_Initial CNS Tumor	PT_YJBPEF4V_7316-938_Solid Tissue_Initial CNS Tumor	PT_YJGTKDV0_7316-1683_Solid Tissue_Initial CNS Tumor	PT_YKVK5HTK_7316-441_Solid Tissue_Initial CNS Tumor	PT_YQWG98Z5_7316-2856_Solid Tissue_Initial CNS Tumor	PT_YRMG61G8_7316-2305_Solid Tissue_Initial CNS Tumor	PT_YRNATR8Q_7316-8039_Solid Tissue_Initial CNS Tumor	PT_YV2S3ES7_7316-182_Solid Tissue_Initial CNS Tumor	PT_YXJQGT69_7316-934_Solid Tissue_Initial CNS Tumor	PT_YXZPWFVB_7316-966_Solid Tissue_Initial CNS Tumor	PT_YY7CRV21_7316-215_Solid Tissue_Initial CNS Tumor	PT_Z4PJA6KT_7316-1763_Solid Tissue_Initial CNS Tumor	PT_ZCXS29JJ_7316-2153_Solid Tissue_Initial CNS Tumor	PT_ZD9AYB6F_7316-3323_Solid Tissue_Initial CNS Tumor	PT_ZH3SBJPZ_7316-4215_Solid Tissue_Initial CNS Tumor	PT_ZKQTJ7F7_7316-9560_Solid Tissue_Initial CNS Tumor	PT_ZMKMKCFQ_7316-2988_Solid Tissue_Initial CNS Tumor	PT_ZR8MQRVG_7316-346_Solid Tissue_Initial CNS Tumor	PT_ZS2YDFBE_7316-2860_Solid Tissue_Initial CNS Tumor	PT_ZVV78QP5_7316-117_Solid Tissue_Initial CNS Tumor	Sort_Order
BRAF				Missense_Mutation	Fusion		Fusion	In_Frame_Ins					Fusion						Fusion				Fusion	Fusion				Missense_Mutation					Fusion								Fusion		Missense_Mutation									Missense_Mutation	Missense_Mutation	Fusion	Fusion	Fusion	Fusion					Fusion	Missense_Mutation	Fusion				Fusion	Missense_Mutation		Missense_Mutation		Missense_Mutation		Missense_Mutation	Missense_Mutation	Missense_Mutation	Fusion		Fusion	Fusion	Missense_Mutation	Fusion	Fusion			Fusion			Fusion					Fusion			Fusion	Fusion			Fusion						In_Frame_Ins	Fusion				Fusion	Fusion			Fusion		Fusion		Fusion							Fusion			Fusion					Fusion																Fusion					Fusion		Fusion		Fusion							Fusion	Fusion	Fusion	Fusion			Fusion						Fusion			Fusion			Missense_Mutation			Fusion		Fusion		Fusion			In_Frame_Ins	Fusion	Fusion	Missense_Mutation	Fusion		Missense_Mutation			Fusion						Missense_Mutation			Fusion			Fusion		Fusion			Fusion	Missense_Mutation	Fusion		Fusion				Fusion		Missense_Mutation		Multi_Hit	Fusion		Missense_Mutation	Fusion			Fusion	Fusion			Fusion				Fusion				Fusion		Missense_Mutation			Fusion		In_Frame_Ins								Fusion	Missense_Mutation			Fusion			Fusion	Fusion	Fusion				Fusion						Fusion		Fusion	Fusion				Fusion			Fusion	Fusion	Missense_Mutation	Fusion	Fusion	Fusion	Missense_Mutation	Fusion								Fusion	Missense_Mutation		Fusion		Missense_Mutation		Fusion		Fusion			Fusion		Fusion		Fusion						Missense_Mutation	In_Frame_Ins	Fusion	Fusion							Fusion											Fusion	Missense_Mutation			Fusion		Fusion		Fusion			Fusion					Fusion					Missense_Mutation		Fusion			Missense_Mutation					Missense_Mutation	Fusion	Multi_Hit	Fusion		Fusion	Fusion								Fusion	Fusion		Fusion	Fusion	Missense_Mutation	Missense_Mutation		Fusion	Missense_Mutation			Missense_Mutation		Fusion	Missense_Mutation	Fusion	Fusion				Fusion	Multi_Hit				Missense_Mutation	Fusion					Fusion				Fusion			Fusion		Fusion									Fusion			Missense_Mutation	Fusion	Fusion					Fusion	Fusion							Fusion	Fusion	Fusion	Fusion		Fusion			Missense_Mutation					Fusion				Fusion		Fusion	1
TP53						Missense_Mutation				Missense_Mutation							Missense_Mutation	Missense_Mutation											Frame_Shift_Del					Nonsense_Mutation						Splice_Site					Missense_Mutation			In_Frame_Del					Multi_Hit																	Fusion															Missense_Mutation							Frame_Shift_Del				Frame_Shift_Ins										Multi_Hit					Missense_Mutation							Missense_Mutation		Missense_Mutation		Missense_Mutation												Missense_Mutation	Multi_Hit																				Missense_Mutation			Missense_Mutation		Missense_Mutation					Multi_Hit																									Missense_Mutation		Missense_Mutation		Missense_Mutation						Missense_Mutation																					Missense_Mutation				Missense_Mutation		Fusion						Missense_Mutation					Splice_Site	Missense_Mutation																		Frame_Shift_Del					Multi_Hit	Frame_Shift_Del	Splice_Site		Missense_Mutation																		Missense_Mutation		Missense_Mutation							Multi_Hit														Missense_Mutation			Multi_Hit						Missense_Mutation						Nonsense_Mutation	Splice_Site		Multi_Hit								Nonsense_Mutation																									Missense_Mutation						Splice_Site								Nonsense_Mutation	Missense_Mutation															Missense_Mutation		Missense_Mutation						Nonsense_Mutation																							Frame_Shift_Del						Missense_Mutation					Missense_Mutation			Splice_Site												Multi_Hit											Multi_Hit	Nonsense_Mutation						Splice_Site	Missense_Mutation										Multi_Hit					Nonsense_Mutation				Frame_Shift_Del					2
ATRX						Nonsense_Mutation				Frame_Shift_Ins		Del													Del				Nonsense_Mutation					Frame_Shift_Ins											Fusion			Frame_Shift_Del					Multi_Hit					Del																											Missense_Mutation									Del		Frame_Shift_Del										Frame_Shift_Del					Nonsense_Mutation				Nonsense_Mutation					Frame_Shift_Ins			Del					Multi_Hit						Multi_Hit						Del	Fusion								Del						Frame_Shift_Del					Del					Frame_Shift_Del																			Del								Fusion								Nonsense_Mutation				Del					Del																Frame_Shift_Del								Frame_Shift_Del															Del							Del		Missense_Mutation																						Frame_Shift_Ins																	Missense_Mutation											Del	Fusion														Frame_Shift_Del			Splice_Site		In_Frame_Del															Del							Splice_Site											Frame_Shift_Del				Frame_Shift_Del			Del						Fusion				Del							Del						Frame_Shift_Del																		Del										Del	Frame_Shift_Del							Del								Missense_Mutation										Del	Frame_Shift_Ins											Splice_Site								Frame_Shift_Del											Del					Frame_Shift_Del		Nonsense_Mutation	Nonsense_Mutation					3
KMT2C										Missense_Mutation					Multi_Hit																				Missense_Mutation					Multi_Hit													Multi_Hit													Nonsense_Mutation									Missense_Mutation																												Multi_Hit				Missense_Mutation					Missense_Mutation						Fusion					Fusion								Missense_Mutation																Missense_Mutation													Frame_Shift_Ins																											Fusion					Missense_Mutation		Missense_Mutation														Missense_Mutation															Fusion					Frame_Shift_Ins																		Frame_Shift_Ins																					Nonsense_Mutation												Multi_Hit	Frame_Shift_Del																		Fusion								Missense_Mutation				Fusion		Missense_Mutation								Missense_Mutation					Missense_Mutation														Missense_Mutation											Frame_Shift_Ins																														Missense_Mutation			Missense_Mutation		Multi_Hit			Fusion																							Missense_Mutation							Frame_Shift_Del		Missense_Mutation													Splice_Site					Missense_Mutation					Multi_Hit		Missense_Mutation																					Missense_Mutation				Missense_Mutation								Missense_Mutation								Missense_Mutation		4
H3-3A																		Missense_Mutation																Missense_Mutation														Missense_Mutation																																					Missense_Mutation			Missense_Mutation								Missense_Mutation															Missense_Mutation				Missense_Mutation					Missense_Mutation								Missense_Mutation																											Missense_Mutation					Missense_Mutation					Missense_Mutation		Missense_Mutation																									Missense_Mutation								Missense_Mutation													Missense_Mutation								Missense_Mutation												Missense_Mutation						Missense_Mutation																		Missense_Mutation					Missense_Mutation	Missense_Mutation																					Missense_Mutation		Missense_Mutation										Missense_Mutation																										Missense_Mutation											Missense_Mutation																Missense_Mutation									Missense_Mutation									Missense_Mutation					Missense_Mutation	Missense_Mutation															Missense_Mutation								Missense_Mutation						Amp																	Missense_Mutation											Missense_Mutation				Missense_Mutation									Missense_Mutation													Missense_Mutation							Missense_Mutation	Missense_Mutation															Missense_Mutation									5
NF1		Fusion				Multi_Hit				Multi_Hit																																											Missense_Mutation								Nonsense_Mutation													Amp																		Nonsense_Mutation					Nonsense_Mutation				Fusion					Multi_Hit																				Frame_Shift_Del								Frame_Shift_Del																													Missense_Mutation																			Fusion										Nonsense_Mutation			Nonsense_Mutation															Fusion																																											Fusion																										Frame_Shift_Del					Multi_Hit								Fusion				Multi_Hit																													Multi_Hit																						Fusion		Multi_Hit																								Multi_Hit							Fusion										Frame_Shift_Del																								Fusion									Translation_Start_Site						Splice_Site								Fusion																																													Nonsense_Mutation						6
BCOR												Del	Frame_Shift_Ins						Frame_Shift_Ins																	Nonsense_Mutation														Frame_Shift_Del			Multi_Hit					Del																																				Del																	Nonsense_Mutation												Del											Del	Splice_Site				Del	Del									Del																																			Del								Missense_Mutation												Del					Del							Frame_Shift_Ins																																							Del																												Fusion								Splice_Site					Frame_Shift_Del																																														Del																																	Fusion		Del																															Del								Splice_Site							Frame_Shift_Del																			Nonsense_Mutation		Del												Nonsense_Mutation																																7
PDGFRA										Missense_Mutation								Multi_Hit																					Fusion									Missense_Mutation			Multi_Hit		Missense_Mutation																																			Missense_Mutation				Amp									Amp										Missense_Mutation									Missense_Mutation												Missense_Mutation				Fusion																													Multi_Hit																													Multi_Hit																			Multi_Hit																				Multi_Hit																														Missense_Mutation				Nonsense_Mutation																					Missense_Mutation																																		Missense_Mutation																																																																																																					Missense_Mutation							In_Frame_Del																					Fusion					Missense_Mutation																	Missense_Mutation	Amp										Missense_Mutation				8
NFIB																															Fusion											Fusion					Fusion						Missense_Mutation																													Fusion																				Fusion																					Fusion																						Fusion																								Fusion				Fusion												Fusion																		Fusion					Fusion		Fusion											Fusion																							Fusion			Fusion			Fusion																				Fusion																																																			Fusion																			Fusion							Fusion																					Fusion					Fusion																																					Fusion														Fusion							Fusion									Fusion												Fusion							In_Frame_Del								Fusion																					9
FYN									Fusion	Missense_Mutation																																				Fusion											Fusion									Fusion						Fusion																																																														Fusion																Fusion																																							Fusion								Fusion																		Fusion																Fusion					Fusion																Splice_Site											Fusion												Fusion																																																																									Fusion					Fusion																					Fusion		Fusion																									Fusion																							Fusion															Fusion		Fusion						Multi_Hit	Fusion												Fusion																												10
EGFR										Missense_Mutation																																			Multi_Hit								Missense_Mutation																																																																	Amp										Missense_Mutation																																																																		Multi_Hit																						Missense_Mutation																							Multi_Hit																									Missense_Mutation			Multi_Hit												Missense_Mutation												Missense_Mutation																			Missense_Mutation																					Fusion	Multi_Hit																						Fusion			Fusion																																																																		Missense_Mutation		Multi_Hit								Splice_Site									Missense_Mutation																																					Fusion									11
FGFR1	Missense_Mutation									Missense_Mutation																																											Missense_Mutation								Missense_Mutation																																				Missense_Mutation																		Missense_Mutation																											Fusion		Missense_Mutation																			Missense_Mutation												Fusion			Fusion																																																																	Missense_Mutation								In_Frame_Del																				Missense_Mutation			Fusion																			Multi_Hit												Fusion																																									Missense_Mutation	Fusion												Fusion	Missense_Mutation																																																																					Missense_Mutation				Splice_Site																													Fusion																										12
EZHIP										Missense_Mutation		Del																								Missense_Mutation																						Del																																				Del																													Del											Del					Del	Del									Del																																			Del																				Del					Del																																														Del																																																				Del																																			Del																																			Del							Del																								Del																		Del																		Del																															Del													13
CIC										Missense_Mutation																														Splice_Site													Multi_Hit							Missense_Mutation																																												Frame_Shift_Del	Fusion																						In_Frame_Del								Splice_Site											Frame_Shift_Del							Splice_Site											Fusion																																																Multi_Hit																										Splice_Site														Missense_Mutation				Missense_Mutation																																																					Frame_Shift_Del																Multi_Hit																																							Fusion	Multi_Hit																																																																				Splice_Site																										Frame_Shift_Del																													14
SETD2										Nonsense_Mutation																						Frame_Shift_Ins					Fusion	Fusion															Multi_Hit																																		Missense_Mutation																																																																			Missense_Mutation														Fusion																																								Frame_Shift_Ins																	Missense_Mutation												Fusion																												Frame_Shift_Ins		Nonsense_Mutation												Nonsense_Mutation																																									Missense_Mutation					Frame_Shift_Ins																																													Fusion																				Multi_Hit																																																					Missense_Mutation																																													15
KIT										Missense_Mutation								Amp									Missense_Mutation																		Fusion								Missense_Mutation																																							Amp									Multi_Hit																																																							Missense_Mutation									Amp																													Amp																			Amp																				Multi_Hit																																																																																																																																																																																																																		Multi_Hit																				Fusion											Amp														16
MYCN																																																					Missense_Mutation												Amp																																									Amp																																																												Fusion																																			Missense_Mutation					Del														Amp																																											Multi_Hit				Missense_Mutation						Amp																				Amp																																				Amp																									Missense_Mutation														Amp						Amp																																																	Missense_Mutation																					Amp																																												17
NTRK3										Missense_Mutation																																																	Fusion							Fusion																																		Fusion																									Fusion									Fusion				Fusion																																																								Fusion																																																															Fusion																Fusion							Fusion																																	Fusion																		Fusion																					Fusion																																												Fusion		Fusion																																																											Fusion																							Fusion								18
PIK3CA						Missense_Mutation				Missense_Mutation																Missense_Mutation								Missense_Mutation																																																									Missense_Mutation																																																																								Missense_Mutation																																																	Missense_Mutation																																																																								Missense_Mutation							Missense_Mutation																										Missense_Mutation								Missense_Mutation																								Missense_Mutation																		In_Frame_Del																																			Fusion						Missense_Mutation																																																																										Missense_Mutation	Missense_Mutation					19
PTEN						Frame_Shift_Del				Multi_Hit				Del																				Del																			Multi_Hit																																																					Frame_Shift_Del					Nonsense_Mutation					Frame_Shift_Ins																		Multi_Hit																																																										Nonsense_Mutation																Splice_Site					Multi_Hit																																																																																																																								Frame_Shift_Del																																																																																																					Splice_Site																														Missense_Mutation																								20
CDK4																																								Splice_Site																																																				Amp																																										Amp	Splice_Site																																																																																																							Splice_Site														Splice_Site																																		Amp																																									Amp																																	Amp																																																					Multi_Hit							Amp													Splice_Site																																																		Multi_Hit					21
KRAS																											Missense_Mutation																																																																																																																																	Missense_Mutation																																		Missense_Mutation																												Missense_Mutation																																																																																																									Missense_Mutation																									Missense_Mutation																						Fusion												Fusion	Missense_Mutation												Fusion																									Multi_Hit			Missense_Mutation					Fusion																		Missense_Mutation												Fusion																														22
MET										Missense_Mutation	Missense_Mutation																																																																																																			Multi_Hit																		Nonsense_Mutation						Fusion																																																												Amp																																																																																																																												Fusion							Missense_Mutation																																																Fusion															Multi_Hit																																																																											Fusion																Multi_Hit									23
TSC2										Missense_Mutation												Multi_Hit																															Missense_Mutation																																																																																		Splice_Site																																																					Missense_Mutation																																																				Fusion																																																								Frame_Shift_Del																													Splice_Site								Frame_Shift_Del																																																									Missense_Mutation																													In_Frame_Del														Splice_Site																																																	Missense_Mutation						24
FGFR2										Splice_Site				Del		Fusion		Missense_Mutation																										Fusion															Fusion																														Fusion																																																						Fusion																			Missense_Mutation																	Fusion															Fusion																																																																																																																																																																																																																																																																																						Fusion																25
KDR										Missense_Mutation								Amp																																			Missense_Mutation																																							Multi_Hit									Amp																																																																Amp																													Amp																			Multi_Hit																				Amp																																																																																																																																																																																																																																																	Amp					Fusion									26
NTRK2																		Fusion																																																						Fusion																																																																												Fusion																							Fusion	Fusion																																																																																										Fusion																																																																										Fusion		Fusion													Fusion																																																																									Fusion																									Fusion																												Fusion											27
ACVR1																																																																																			Fusion																																			Fusion																																																	Missense_Mutation																																																																																																																			Fusion																															Fusion	Fusion		Missense_Mutation																																																																										Missense_Mutation																																													Missense_Mutation					Fusion																									Fusion																							28
ATM										Missense_Mutation																																											Missense_Mutation																																																																																																																																																														Missense_Mutation																																									Frame_Shift_Del																				Missense_Mutation																								Frame_Shift_Del																													Multi_Hit															Missense_Mutation																																																		Frame_Shift_Del				Fusion			Fusion																																																																																											29
CDK6																																																					Fusion																																																Multi_Hit																	Amp																																	Fusion																																											Multi_Hit																																																																																																																				Fusion																																												Fusion																																																																					Fusion																																								Fusion																									30
MDM2																				Amp																																																																																																																				Fusion																																													Fusion																																																																																																																																																		Amp																																	Multi_Hit																																																			Fusion		Multi_Hit							Multi_Hit																																																																				31
PPM1D										Frame_Shift_Ins																																																						Missense_Mutation										Amp																																					Nonsense_Mutation																			Fusion							Frame_Shift_Del																																																																																																															Fusion																																																Frame_Shift_Del																																																					Nonsense_Mutation																																																										Fusion																											Nonsense_Mutation																																																						32
PTPN11	Missense_Mutation									Multi_Hit																		Fusion																							Missense_Mutation		Missense_Mutation																																	Missense_Mutation		Missense_Mutation													Missense_Mutation																																																																																																																																																																						Missense_Mutation																																																										Missense_Mutation																																																																																																																																											Missense_Mutation																								33
MTOR			Missense_Mutation							Missense_Mutation																																											Missense_Mutation																																																																																																																												Fusion																													Del																																Splice_Site																Missense_Mutation																																																																							Multi_Hit																																													Fusion																																																															Splice_Site																																																							34
PIK3C2G										Splice_Site																																																																																																																																																	Missense_Mutation																																			Missense_Mutation																																																																																																																																							Multi_Hit						Fusion												Fusion																										Fusion																					Frame_Shift_Del																																						Fusion																																																			Fusion									35
PIK3R1																					Fusion																											Fusion					Splice_Site																																																																																		Splice_Site																																														Fusion																																																																																																																																							In_Frame_Del																					Missense_Mutation																														In_Frame_Ins																							Missense_Mutation																																											Splice_Site																																																							36
ALK																																															Fusion						Multi_Hit																																																										Missense_Mutation																																																																																																													Missense_Mutation									Fusion																																Fusion																																						Fusion																										Missense_Mutation				Amp																																																																																																																																																															37
CCND2																																							Fusion																																																																																																																					Amp																																												Amp																																																																																																																													Missense_Mutation																																																																																								Amp							Amp					Amp																																Multi_Hit																															38
CDKN1B																																																					Nonsense_Mutation																										Fusion														Fusion																																				Fusion						Splice_Site																																																																																																																																															Fusion																													Fusion																		Missense_Mutation																																																						Fusion																																																																																																													39
CDKN2A																						Fusion																																																																																																																																																																																																																																														Fusion																															Del																																		Missense_Mutation							Del	Fusion																																																									Frame_Shift_Del																																																				Nonsense_Mutation																																									Fusion					40
DDX11										Missense_Mutation																								Amp																			Missense_Mutation																																																																																																																																																																																																																																Missense_Mutation																													Missense_Mutation																			Missense_Mutation						Missense_Mutation																																																																																									Amp																							Missense_Mutation																																													41
IGF1R																																																					Missense_Mutation																																																Amp																											Fusion																																																																																																																																																																																																		Fusion																			Fusion																Fusion																															Multi_Hit																																																																																												Fusion								42
TERT						Missense_Mutation				Missense_Mutation																																							Fusion																																																																																																						Missense_Mutation																																																																																																												Amp																											Amp																																							Missense_Mutation																																																															Amp																																																																					Missense_Mutation																															43
AKT1	Missense_Mutation																																							Splice_Site													Missense_Mutation																																																																																		Splice_Site																																																																																																							Splice_Site																										Splice_Site																																																																																																		Missense_Mutation																																																																							Splice_Site																																																							44
MYC																									Amp																																																																																	Missense_Mutation																											Fusion																																											Amp																																																																																																																																																					Missense_Mutation																																																				Amp																																				Amp																																																			Amp																								45
RB1																																		Amp																																																																																																					Splice_Site										Missense_Mutation																			Fusion																																											Fusion																																													Splice_Site																											Missense_Mutation																															Fusion																																																																																																																																																																																		46
ASXL1																																																					Missense_Mutation																																																																																																																																													Amp																																																																																																						Frame_Shift_Del																													Missense_Mutation								Frame_Shift_Del																																																												Frame_Shift_Ins																																																																																		Nonsense_Mutation													47
DDR2										Missense_Mutation																																																																																																																Fusion																																																																																																																																																				Fusion																																																							Missense_Mutation						Fusion																																																																				Fusion																																		Splice_Site																																																							48
ROS1																																																					Multi_Hit																																																																																																																																																																																											Missense_Mutation										Fusion																																			Fusion																										Fusion														Multi_Hit																				Fusion																																																																																																																																															49
NTRK1																																															Fusion						Multi_Hit																																																																																																																																																			Amp													Amp																																																																																																																					Fusion																																																																								Amp																																																																																						50
POLE										Missense_Mutation																								Amp																			Missense_Mutation																																																																																		Splice_Site																																																																																	Nonsense_Mutation																																																																																																													Missense_Mutation																																																																																																																																																																			51
TOP2A																																								Splice_Site																																		Amp																																																													Splice_Site																																																																																																																					Splice_Site																																																																									Missense_Mutation																																																																																																												Splice_Site																																																							52
TOP3A										Nonsense_Mutation																								Amp											Amp																																															Amp														Missense_Mutation																																																																																																																																																						Frame_Shift_Ins																																																																																																																																																																																																																																								53
FANCA										Missense_Mutation																																											Missense_Mutation																																																Fusion																																		Splice_Site																																																																																																																																																																																														Splice_Site																																																																																																																																																																			54
GAB2										Missense_Mutation																																																																																																																		Fusion																																																																																				Fusion																																																																				Fusion																																																	Frame_Shift_Ins																																																																																																																																																																			55
ID2																																																																																																																																							Missense_Mutation																																																																							Del																																																									Amp																														Fusion																																				Amp																																																																																																																																																															56
IDH1																																																																																																																																																																																																		Missense_Mutation																																																																			Fusion																																																																Missense_Mutation																																																																																																																																				Multi_Hit																															57
KDM6B										Frame_Shift_Ins																														Splice_Site													Missense_Mutation																																																																																																																																											Nonsense_Mutation																																																																																																																																					Multi_Hit																																																																																																																																																																			58
NRAS																									Missense_Mutation															Splice_Site													Missense_Mutation																																																																																																																																																																																																																																																																																																																																																																																												Splice_Site																																															Missense_Mutation								59
PDGFA										Missense_Mutation																																											Missense_Mutation																																							Amp																																																																																																						Fusion																																																																																																																																																																																																																Amp																																																																																						60
CDKN2C																																																																																																																																																																																																																																																																				Fusion																																			Frame_Shift_Del																																																																																																																																					Missense_Mutation															Missense_Mutation																																													61
H3C2																																																																																												Amp																								Missense_Mutation									Missense_Mutation																																																																																																																																																																	Amp																																																																																																																																																																																																										62
PIK3C2B																																																					Missense_Mutation																																																																																																																																																																																																																																		Missense_Mutation																																																					Amp																																																																						Amp																																																																																						63
AKT2																																								Splice_Site																																																																																															Splice_Site																																																													Fusion																																																																																																																																																																																																																																																																																																				64
CCND1																														In_Frame_Del																																																																																																																																																																																																																																																																																																																																										Amp													Amp																																																																																																																			65
CDKN1C																																																																																																																																																																																																																																																																																																																																																																								Amp							Frame_Shift_Ins																																																								Frame_Shift_Del																																																																	66
CDKN2B																																																																																	Translation_Start_Site																																																																																																																																																																																																																		Del																																									Del																																																																																																																																																												67
GOLPH3										Missense_Mutation																																																																																																																																																																																																																																																																																																																											Missense_Mutation																																																																																																																																			Missense_Mutation																																68
ID3																																								Fusion																																																																																													Missense_Mutation																																																																									Del																																																																																																																																																																																																																																																																																										69
SMARCE1																				Fusion																																																						Amp																																																																																																																	Fusion																																																																																																																																																																																																																																																																																																													70
AURKB																																																					Missense_Mutation																																																																																		Splice_Site																																																																																																																																																																																																																																																																																																																																																																	71
FOSB																																																																																																																																																																																																																																														Splice_Site																																																																																							Missense_Mutation																																																																																																																																																																			72
H2BC6																																																																																												Amp																																																																																																																																																																																																		Amp																																																																																																																																																																																																										73
H3C14																																																																																																																																																																																																																																																																																														Amp																																																																																																																				Amp																																																																																						74
H3C3																																																																																												Amp																																																																																																																																																																																																		Amp																																																																																																																																																																																																										75
MAFK																																																																																												Amp																																																																																																																																																																																																																																																																																																																						Amp																																																																																						76
PDGFC																																																																																																																																																																																																																																																															Del																																																																																																																																																																																																																Fusion																									77
PLAGL2																																																																																																																																																																																																		Amp																																																																																																																																			Missense_Mutation																																																																																																																																																																			78
SLCO1B3																																																																			Missense_Mutation																																																																																																																																																																																																																																																																																																																																																																	Amp																																																																				79
TDRD9										Missense_Mutation																																											Missense_Mutation																																																																																																																																																																																																																																																																																																																																																																																																																																																			80
DIS3L2P1																																																																																																																																																																																																																																																																																																																																																																								Amp																																																																																																																																81
VEGFA																																																																																																																																																																																																																																																																								Splice_Site																																																																																																																																																																																																																																82
YES1																																																																																																																																																																																																																																																																																																																																					Nonsense_Mutation																																																																																																																																																																			83
